node1,node2
828,388
287,312
936,130
802,172
102,411
294,129
493,694
253,615
535,482
13,461
316,223
402,395
4,724
387,682
941,85
235,430
937,101
265,802
876,687
5,128
709,679
284,637
467,189
174,729
81,710
494,197
699,953
304,256
564,559
674,484
463,61
152,389
31,952
160,308
121,490
482,211
121,368
309,511
41,47
679,221
743,102
765,371
418,855
459,150
128,283
226,578
917,207
919,113
300,771
169,117
925,318
450,275
503,502
653,906
27,261
371,183
87,207
84,268
314,373
279,107
488,107
537,326
419,162
339,151
592,809
358,498
935,370
368,654
257,742
115,486
499,407
247,506
230,121
118,460
716,843
252,54
366,662
170,912
640,184
546,604
483,851
66,980
16,856
817,779
439,491
100,30
669,450
685,2
63,169
570,141
55,15
234,255
553,134
89,58
172,168
708,638
422,115
69,434
814,726
582,189
367,121
114,63
204,771
190,509
251,438
408,963
336,485
549,276
651,434
438,820
355,615
453,86
239,255
373,481
891,892
60,173
440,542
553,993
121,411
73,551
418,713
650,223
285,5
118,575
863,639
56,683
747,585
920,935
56,220
86,190
720,707
149,344
150,104
101,267
84,288
789,272
275,598
173,92
498,569
755,42
544,764
132,62
480,106
232,64
859,254
961,540
609,747
898,931
306,284
742,133
387,229
107,506
290,130
224,249
628,977
285,371
4,169
553,553
7,359
23,422
233,235
82,1
743,617
160,772
211,63
58,587
57,240
235,96
160,92
849,334
335,124
767,358
121,212
614,760
835,275
121,129
212,364
187,671
421,765
19,611
74,309
692,855
54,486
600,852
525,85
341,297
384,738
265,823
215,74
65,440
502,716
173,814
300,303
81,375
106,114
91,64
765,720
938,270
74,690
96,131
136,116
155,547
13,725
172,60
356,366
137,183
905,74
696,141
764,363
792,220
59,132
21,96
305,211
249,765
464,493
160,108
166,424
178,344
370,365
424,109
598,418
744,317
118,637
767,59
502,502
689,723
629,909
139,541
921,196
440,457
124,392
289,518
964,406
82,58
519,0
39,655
11,590
391,380
245,959
128,115
288,767
452,9
506,494
766,134
968,530
5,207
23,785
108,271
918,948
95,214
557,372
851,180
380,295
438,895
113,32
12,700
235,158
118,272
158,434
541,102
690,511
125,353
888,833
637,902
13,25
274,21
740,934
658,3
52,157
91,954
118,20
405,815
545,438
523,279
166,290
707,287
28,914
167,468
405,282
229,115
543,934
481,83
103,321
663,165
316,357
35,687
489,82
275,94
41,481
388,388
418,303
974,521
478,424
96,866
578,649
810,122
664,694
302,611
81,679
254,1
434,154
45,461
198,776
678,77
294,478
289,67
518,86
54,812
441,814
115,455
189,204
962,300
183,106
313,58
428,116
709,949
251,914
244,1004
431,641
355,173
146,299
797,325
724,513
700,10
554,197
65,714
121,372
306,62
186,882
836,11
3,46
126,47
198,419
173,518
430,5
637,577
879,721
908,593
295,388
41,133
760,51
22,20
725,168
864,224
47,41
963,238
621,254
455,860
425,710
145,212
411,115
4,563
82,367
191,282
109,580
571,204
50,48
319,62
756,74
79,417
567,746
280,574
543,70
996,958
801,426
44,686
744,297
23,964
14,722
504,722
868,784
558,9
134,372
11,106
69,409
113,367
160,91
832,78
493,332
350,552
887,92
515,484
40,28
381,58
504,345
20,520
845,125
3,33
408,407
264,856
388,953
255,582
247,122
336,397
338,713
337,32
23,434
131,483
226,166
172,364
408,271
400,361
105,441
62,509
377,627
1002,364
593,320
645,401
428,651
483,280
405,124
246,108
356,275
58,215
963,612
872,581
837,933
411,4
190,143
310,434
169,261
14,706
503,55
194,132
107,81
873,796
260,728
917,204
888,585
404,100
485,194
113,48
52,781
766,145
63,162
237,963
404,894
15,139
291,290
35,188
879,330
749,385
447,592
982,258
267,211
10,911
107,356
333,96
177,221
661,536
495,214
377,762
137,869
320,156
84,323
493,523
917,918
141,19
23,837
366,953
529,33
495,20
121,296
189,1
793,901
889,827
134,482
266,540
79,107
395,16
463,27
187,583
165,48
272,84
996,350
820,13
45,717
446,216
13,552
19,549
896,157
2,886
609,674
400,670
555,624
315,238
996,793
219,865
537,411
317,17
264,650
133,51
503,875
203,555
345,681
114,333
664,165
504,401
276,771
625,756
87,303
56,305
1,47
57,285
212,550
249,212
326,923
77,14
460,489
628,138
20,86
711,754
132,405
725,688
6,412
83,533
98,155
424,758
473,323
834,868
154,456
833,245
118,128
14,430
797,964
280,516
291,93
851,676
812,323
14,523
195,280
355,63
62,356
777,702
128,545
411,283
756,739
101,65
518,355
982,750
212,212
243,80
303,340
613,145
678,519
443,113
684,655
928,841
56,37
572,243
338,437
314,8
409,28
30,24
163,368
338,115
63,303
152,184
687,641
248,212
305,939
168,275
847,181
562,713
420,83
581,996
312,377
720,197
54,452
613,482
43,517
236,930
173,107
420,458
263,16
174,107
546,962
206,612
912,636
957,833
143,714
183,351
426,540
337,16
461,867
54,132
204,204
730,716
757,899
171,455
180,145
352,672
498,51
327,837
340,217
734,575
399,183
176,656
232,53
250,377
852,853
424,301
411,784
385,372
543,129
987,425
164,535
482,129
795,637
199,421
701,631
583,36
798,134
102,912
634,546
510,661
172,675
176,175
467,614
926,396
616,749
597,598
558,324
141,430
882,959
755,883
425,997
47,38
107,769
408,5
858,995
911,672
506,141
348,743
830,509
264,12
233,570
812,734
720,332
143,415
167,94
110,121
493,563
9,18
778,845
420,152
492,933
527,929
392,965
688,616
578,619
104,326
386,933
597,888
676,335
72,20
949,991
270,673
404,301
82,740
272,155
184,287
193,160
14,280
295,18
17,429
955,522
867,988
535,728
82,153
130,966
414,916
929,776
160,147
6,947
121,93
289,507
128,367
256,263
906,430
215,717
15,420
533,483
172,275
255,283
47,482
154,17
155,98
920,512
278,157
505,295
296,756
548,377
5,272
168,129
31,96
192,777
698,138
506,249
438,728
40,171
434,256
373,131
567,976
859,62
46,434
121,494
86,138
210,609
87,424
815,343
35,613
116,340
748,401
167,133
281,54
890,780
44,166
903,975
474,256
129,165
526,199
166,64
335,929
739,810
40,30
147,83
4,430
914,973
527,5
22,491
464,257
61,872
681,123
551,473
172,197
562,202
7,747
183,290
999,633
363,155
350,293
264,359
5,195
58,372
945,468
213,866
647,420
826,832
30,37
458,242
151,424
116,23
757,373
776,94
256,30
729,140
510,19
282,221
58,244
165,33
121,338
107,258
482,339
665,895
730,13
710,899
746,721
181,95
6,64
293,108
312,74
999,194
440,533
617,685
210,346
359,11
183,169
86,526
589,215
42,612
99,100
102,354
991,686
182,584
793,613
783,691
771,265
762,912
463,450
968,938
490,258
664,709
977,495
432,217
600,880
199,33
300,662
486,184
185,353
449,569
54,273
358,441
785,604
357,26
152,114
28,249
890,903
174,208
451,724
913,707
172,207
13,349
1,302
121,68
544,6
309,852
737,943
803,799
115,145
128,32
822,715
662,333
194,193
92,373
736,259
169,360
701,88
16,121
329,69
83,86
8,466
242,242
185,101
233,207
9,683
771,519
310,222
477,629
217,49
875,170
867,378
292,722
148,868
972,556
170,28
856,121
426,870
357,799
80,68
272,462
14,283
379,103
105,543
20,21
143,357
977,792
59,886
29,1001
2,193
238,241
807,315
549,362
627,473
810,130
909,87
164,96
441,366
209,365
121,142
0,223
904,458
604,857
61,262
341,708
463,184
458,174
681,408
672,365
675,356
930,899
640,362
327,128
249,473
212,121
4,131
1000,918
525,359
19,525
939,618
192,708
83,494
678,323
666,362
282,835
401,712
200,207
340,862
981,956
243,243
96,631
82,92
46,140
396,958
47,379
808,638
487,9
335,264
434,895
540,878
254,985
17,253
131,55
361,367
159,698
442,8
20,327
745,546
847,547
976,114
280,682
655,142
612,494
189,689
99,24
671,239
809,89
997,150
473,280
92,326
218,177
486,168
30,27
182,869
272,447
769,736
346,180
726,5
386,913
741,206
711,759
660,338
158,244
641,946
486,244
635,286
662,62
726,282
192,59
703,230
317,949
166,799
209,159
117,854
57,302
515,440
611,129
968,854
884,812
206,199
17,192
570,53
738,738
955,854
385,744
487,210
337,720
46,303
105,824
319,863
792,1004
182,351
771,604
420,478
458,600
556,556
31,361
648,704
344,656
908,74
453,459
461,322
609,122
559,743
222,746
799,574
128,215
168,615
74,17
64,318
908,822
842,962
198,165
252,282
2,249
680,352
211,4
377,385
827,756
583,479
320,838
191,214
387,260
55,56
100,86
140,877
83,389
135,860
549,747
971,47
892,290
613,334
17,142
172,281
625,380
626,451
329,157
312,364
211,5
322,803
599,354
322,139
417,165
455,943
511,284
270,538
279,908
5,980
338,169
490,256
172,847
616,118
21,551
103,793
490,405
537,154
96,170
301,445
2,756
491,390
214,301
676,521
162,288
938,259
182,15
363,364
286,303
137,56
121,371
503,855
42,422
860,115
494,770
824,342
341,512
323,98
73,221
976,245
80,814
939,991
775,237
5,230
35,25
318,340
497,97
168,413
276,65
890,871
368,945
984,370
357,118
679,784
67,189
215,286
584,623
33,40
866,959
17,424
54,599
428,608
135,125
159,426
447,979
479,613
144,234
466,642
139,581
646,575
142,738
296,103
283,355
278,292
743,629
628,616
340,340
917,150
52,176
366,310
723,873
504,359
572,902
519,337
5,445
686,245
187,1
513,923
427,932
153,524
196,276
206,231
946,476
121,280
233,532
490,787
170,895
757,91
369,303
342,468
283,716
78,870
195,54
70,21
183,318
303,738
853,993
437,977
343,292
573,19
498,9
412,164
567,989
655,448
637,409
993,654
569,520
326,326
351,821
463,738
276,426
106,560
212,180
573,358
121,46
978,257
244,902
57,773
278,422
64,216
588,307
679,300
300,757
666,856
333,47
101,13
291,386
427,460
422,404
328,328
419,183
707,957
871,479
191,262
909,781
263,925
238,506
512,225
711,780
414,801
82,427
110,874
608,264
120,353
255,461
459,295
158,963
17,163
610,87
495,218
166,166
172,341
23,220
756,166
140,100
288,166
419,168
51,112
168,428
693,665
459,25
403,959
63,419
25,85
636,589
345,179
378,912
38,28
654,311
636,579
472,400
332,407
363,508
325,21
323,185
53,157
502,334
816,84
61,179
265,407
374,374
908,776
710,425
300,889
280,691
13,39
29,140
902,934
906,270
582,407
421,794
101,930
590,569
129,422
141,249
533,457
655,938
694,628
976,634
430,420
941,805
17,248
950,92
997,928
75,416
905,297
919,388
859,652
52,232
219,524
932,174
61,390
393,381
661,565
249,166
80,28
65,178
81,162
372,87
468,41
308,396
35,35
95,546
547,869
820,171
352,780
379,386
908,280
107,371
86,170
339,725
282,612
33,113
686,646
102,272
97,688
218,314
209,845
174,210
770,591
129,256
21,303
543,183
422,427
290,466
672,948
794,99
372,39
71,445
407,734
594,94
359,707
32,31
181,397
726,902
884,487
918,206
231,82
608,266
160,576
48,36
121,357
657,989
135,648
133,401
580,196
542,195
837,937
84,110
540,731
812,601
82,83
268,419
704,561
157,156
963,19
62,58
126,58
9,506
459,624
583,634
666,138
421,81
626,323
193,432
62,371
426,518
394,103
64,211
559,518
904,413
784,594
97,685
476,862
766,598
29,853
15,820
177,768
526,280
528,644
271,458
468,624
845,895
851,350
409,667
736,444
562,708
246,247
299,299
812,784
128,802
139,660
897,39
2,587
32,486
203,318
633,751
113,444
249,163
624,301
974,40
28,160
480,357
129,286
158,239
288,19
945,412
540,505
86,196
444,485
129,290
19,700
283,44
731,508
30,479
338,987
62,152
212,887
750,44
714,741
30,133
721,229
713,509
209,812
337,751
534,875
318,725
641,898
486,425
212,642
282,355
166,163
946,257
131,833
797,239
748,564
283,393
271,273
348,416
167,575
64,528
935,897
532,774
342,180
226,340
495,526
506,672
17,975
595,937
399,636
497,224
734,0
687,393
996,12
28,278
463,531
106,223
813,172
281,880
269,615
366,107
639,672
766,935
8,968
5,64
812,765
253,431
632,247
882,896
635,843
953,845
820,44
760,364
160,252
336,81
86,506
697,249
334,757
25,192
274,476
912,592
509,508
58,597
333,493
521,103
181,283
491,886
133,711
375,474
661,282
33,881
674,214
73,0
917,908
268,322
207,466
426,450
570,71
830,612
714,290
168,570
860,698
534,390
495,155
458,543
571,769
142,468
726,630
815,23
466,602
366,121
97,185
147,62
546,163
570,311
409,421
209,238
838,563
117,705
118,261
910,397
699,392
344,986
166,431
792,952
610,296
787,763
440,206
26,809
240,824
411,131
181,64
639,17
107,295
190,13
49,157
145,366
919,473
729,665
128,11
325,533
211,131
820,196
995,691
820,365
298,164
147,106
13,820
224,378
46,15
426,519
239,610
666,559
523,253
377,397
917,167
752,151
435,435
420,60
125,585
214,495
523,669
265,833
546,209
152,86
934,281
11,209
814,454
323,716
474,142
329,568
311,260
885,883
58,131
49,643
17,62
121,20
780,646
271,518
128,44
541,583
620,744
826,803
342,349
96,338
896,500
730,326
690,358
995,218
61,498
294,294
335,760
186,628
955,163
366,259
970,254
363,531
282,474
886,303
15,935
183,291
400,627
933,382
441,569
24,628
5,375
370,452
485,541
518,482
779,415
812,880
93,543
137,329
470,170
684,844
486,35
837,660
7,913
872,51
271,80
380,359
90,143
105,533
801,668
222,664
390,384
997,316
194,238
86,106
627,526
249,21
172,143
681,260
404,160
930,654
494,170
663,899
702,167
48,171
411,976
904,803
840,119
207,768
596,801
59,685
181,386
581,41
467,166
156,734
115,820
533,201
614,116
122,156
681,133
379,521
253,315
105,667
851,721
828,107
518,836
89,57
419,172
129,212
143,604
13,255
505,591
278,149
283,887
932,809
424,509
94,294
586,761
268,160
411,537
516,868
315,130
5,305
425,5
86,143
84,113
451,487
236,107
48,442
630,630
22,155
91,71
318,76
706,866
7,525
397,958
86,30
899,907
133,28
686,436
680,50
190,420
379,283
910,225
964,976
305,685
145,771
932,147
434,434
35,590
269,282
169,434
493,424
121,143
441,557
170,253
753,860
633,891
5,89
285,2
430,543
249,550
24,262
361,333
778,77
1001,606
371,3
83,211
885,320
434,152
42,221
599,400
250,495
552,87
61,266
182,602
13,51
288,58
450,587
881,736
461,273
286,252
677,394
180,351
628,310
165,492
203,702
427,651
832,350
237,371
371,532
691,573
820,94
742,734
224,548
350,681
915,922
15,760
511,221
950,546
996,624
168,589
645,528
522,938
950,984
306,728
362,661
342,401
569,702
380,120
436,790
405,187
153,532
113,62
474,950
455,271
82,752
765,600
846,212
452,506
975,572
223,690
838,569
819,886
67,139
473,6
667,616
411,947
971,412
10,48
679,270
249,137
86,690
5,859
222,690
188,667
377,148
479,276
66,480
5,990
344,177
9,406
157,236
946,613
412,800
131,312
241,772
306,169
446,88
80,826
166,347
899,112
282,166
157,283
122,319
568,568
37,30
480,601
762,142
231,909
205,265
453,301
474,166
954,961
223,86
533,910
685,647
228,143
591,119
373,851
279,314
604,201
609,24
922,262
11,919
378,626
908,199
262,191
701,299
119,259
699,708
579,553
264,366
627,420
766,732
462,106
19,823
695,211
794,524
942,140
526,426
429,104
30,840
96,234
13,859
185,323
934,111
446,446
77,769
375,81
783,54
14,292
960,653
918,1000
335,994
457,326
553,794
386,191
440,266
241,95
172,268
731,971
152,147
258,328
793,969
516,714
373,552
105,226
58,665
958,164
198,820
121,426
911,13
131,941
198,200
280,952
106,2
847,252
602,525
400,411
262,814
633,248
572,441
941,60
115,361
195,99
392,104
295,941
578,755
238,92
902,5
666,661
634,912
323,640
546,77
447,729
0,721
511,337
11,956
765,990
186,666
786,155
769,765
413,515
52,376
502,594
944,384
365,851
21,847
467,152
140,448
102,262
283,284
459,523
841,289
100,873
404,145
797,57
518,16
405,87
581,602
211,138
5,285
127,318
173,777
593,928
52,52
82,245
462,18
105,145
173,155
128,214
220,177
960,803
880,305
63,738
126,812
597,638
484,465
858,636
641,619
770,856
600,528
540,457
2,286
960,225
216,388
252,286
431,152
37,105
754,981
304,407
524,792
100,102
241,237
322,335
432,139
568,276
106,645
750,815
20,68
102,894
534,406
122,200
538,583
45,688
408,126
893,299
682,375
668,561
473,483
473,460
138,57
172,65
761,622
957,569
452,867
102,842
337,30
107,730
113,423
783,212
64,5
293,555
311,257
460,57
33,30
412,56
570,661
345,244
602,586
403,504
290,278
7,661
234,801
956,667
995,16
411,412
160,270
516,517
458,86
495,215
351,180
249,249
32,33
377,546
544,128
18,850
186,105
302,89
1001,2
234,400
489,39
132,994
414,112
927,727
324,970
478,652
262,215
50,643
319,788
914,135
739,973
164,216
86,87
292,893
213,332
129,231
179,199
649,977
820,917
108,518
115,434
543,291
368,321
429,856
58,533
219,747
983,403
775,359
5,191
132,160
116,171
204,172
971,444
179,397
237,580
166,143
937,773
950,507
460,600
426,458
820,434
160,446
283,376
13,79
430,280
158,105
129,161
6,2
172,634
79,581
723,19
157,681
498,232
646,456
374,104
232,115
90,474
419,154
20,887
137,63
452,111
334,161
401,434
731,243
770,196
805,894
44,157
745,774
420,474
474,469
746,746
164,493
278,722
341,248
980,32
778,301
1,31
149,899
727,637
11,1004
869,124
996,831
364,186
126,906
880,859
201,62
320,1001
486,81
187,77
663,80
296,296
613,537
92,998
701,116
283,62
461,318
189,999
491,167
69,212
775,100
407,406
249,421
59,2
74,341
797,268
62,209
99,99
832,193
212,978
591,400
83,273
677,541
88,69
368,275
232,576
484,170
915,392
194,750
613,930
75,494
206,197
318,318
474,212
231,440
218,199
474,254
768,300
166,142
281,162
7,141
713,142
153,849
45,335
570,989
121,477
908,592
445,891
279,160
581,872
230,154
6,349
23,401
374,345
34,30
381,728
107,88
298,589
459,148
70,845
464,483
167,908
669,689
646,747
339,96
2,6
199,399
588,282
547,333
236,381
419,14
537,533
856,107
788,605
153,83
49,613
897,323
534,514
349,207
266,525
371,632
376,389
612,922
259,344
165,38
889,139
495,222
283,252
93,195
488,757
698,380
391,448
330,64
388,794
390,62
347,230
118,13
185,422
237,824
284,280
250,103
791,743
129,840
479,509
518,107
17,219
974,551
19,360
477,607
254,303
13,2
105,76
82,132
167,165
419,542
365,649
229,846
820,820
412,138
255,46
87,509
1004,210
989,811
115,338
549,627
293,360
220,978
63,211
11,504
174,21
333,172
611,428
471,421
74,743
328,474
83,693
306,147
344,73
121,340
11,12
411,54
727,829
998,511
129,543
893,574
347,262
804,713
196,201
414,576
100,402
935,125
623,156
51,143
701,21
337,25
373,797
173,413
272,346
209,601
183,357
563,522
471,345
457,425
2,162
115,363
54,219
49,612
347,662
774,53
877,445
29,596
504,467
882,565
745,554
980,695
355,142
5,519
905,695
849,223
226,42
234,240
294,442
167,639
283,60
834,978
17,87
642,657
448,271
848,114
466,267
159,242
832,252
6,377
486,721
255,488
11,270
946,192
315,891
679,770
651,849
115,135
624,71
278,129
239,679
82,80
389,91
184,249
919,709
420,269
75,332
579,216
926,110
425,426
254,917
880,252
280,292
280,228
571,421
179,378
855,474
55,126
509,10
428,951
29,79
211,215
87,944
775,290
561,75
251,32
750,419
423,423
983,799
94,216
690,20
434,166
295,380
649,646
912,798
766,416
174,665
283,181
783,623
789,320
339,464
543,87
113,333
431,431
105,859
947,598
321,643
232,483
661,577
207,128
254,255
297,872
649,83
613,117
166,880
484,593
838,341
681,171
93,32
121,58
820,301
555,780
852,402
163,62
723,495
744,200
965,837
405,227
21,548
107,35
200,434
69,477
393,400
167,200
259,600
273,273
319,531
121,493
340,179
116,906
747,429
426,565
742,59
376,157
249,66
123,103
459,340
744,6
73,106
221,129
737,767
104,103
92,880
467,967
896,627
564,564
111,786
493,679
681,197
63,243
240,652
72,756
333,5
21,647
387,393
907,48
82,493
77,107
716,274
960,552
479,764
419,296
96,470
113,485
250,525
180,344
264,19
18,120
5,325
310,100
108,183
297,927
214,343
481,54
254,820
823,357
473,150
147,577
290,16
73,573
526,168
161,645
17,467
360,570
916,761
62,188
624,29
391,513
49,38
305,845
562,493
174,16
581,173
145,427
639,915
378,129
429,953
91,725
788,717
30,30
183,82
725,502
180,163
39,35
62,750
103,390
914,124
132,86
967,578
945,54
796,744
511,665
793,880
517,631
880,921
405,882
390,535
820,154
194,137
544,426
4,166
515,98
209,637
187,27
371,239
44,8
407,7
369,161
420,148
651,219
169,308
481,909
544,107
928,430
900,165
840,948
65,204
441,434
44,246
108,323
20,326
884,415
73,466
872,17
477,314
41,205
60,385
261,427
924,629
172,398
940,357
11,293
402,540
40,590
82,128
225,463
353,98
759,2
275,129
371,340
295,585
855,485
715,464
154,412
228,689
287,696
511,351
777,649
206,406
439,913
954,518
877,804
128,95
79,152
62,708
902,160
206,294
960,647
572,294
144,434
105,395
185,371
964,548
443,442
344,195
791,625
62,15
603,620
418,549
69,508
533,186
685,81
455,25
24,26
765,504
892,698
10,173
280,696
304,82
87,45
16,210
285,861
924,663
798,663
428,208
852,32
163,83
416,135
67,181
173,552
847,455
559,846
696,360
65,498
11,608
694,422
23,333
29,443
469,411
327,208
329,351
494,366
197,172
101,959
86,963
520,6
624,124
392,393
92,72
23,115
728,220
275,160
155,546
665,859
105,420
455,583
189,676
201,299
640,744
64,440
5,815
434,473
395,731
86,586
569,835
808,124
59,170
430,141
306,720
565,266
4,552
18,167
330,379
650,551
567,862
243,930
464,162
339,113
995,705
903,360
823,858
163,533
62,887
122,188
152,333
283,132
103,80
534,885
484,572
137,208
167,572
6,520
38,329
865,908
486,333
381,149
157,377
902,856
697,5
117,263
303,4
86,484
154,833
376,425
363,128
266,500
876,584
205,483
57,305
337,116
404,421
420,143
759,242
814,112
156,514
165,837
922,444
594,39
37,28
19,513
926,53
329,303
753,157
899,30
32,546
148,935
546,760
241,240
249,179
177,261
971,284
469,109
182,103
373,541
162,404
661,19
575,146
629,31
481,738
419,78
443,382
655,734
87,422
248,612
411,174
601,141
252,809
157,150
533,45
116,983
169,355
391,776
493,729
923,703
437,860
452,661
115,152
97,98
408,644
285,854
180,615
396,639
165,261
643,559
142,216
10,20
20,81
478,396
207,772
673,9
723,558
124,640
41,206
890,144
662,704
334,95
66,469
455,5
249,153
388,104
120,89
124,353
656,924
82,304
546,87
971,336
67,66
774,627
8,142
733,825
770,998
201,867
87,190
17,200
404,105
377,128
114,361
453,958
452,823
722,1003
170,164
300,590
959,978
835,450
449,618
457,573
319,465
642,211
761,945
492,83
472,432
518,155
256,282
272,63
851,66
924,620
996,499
21,286
17,220
976,976
7,88
86,90
420,226
489,735
405,45
743,800
172,353
759,980
574,806
184,6
402,100
309,981
513,15
232,266
419,365
5,58
609,607
27,953
314,166
922,79
305,6
186,939
647,969
66,511
568,639
358,823
440,265
806,52
295,560
80,286
30,758
811,621
213,913
187,104
474,932
200,777
912,38
155,181
160,280
440,134
191,256
493,464
74,227
950,856
59,941
245,444
208,261
934,866
356,140
106,5
58,795
685,856
303,212
2,174
354,246
74,1
500,933
615,669
146,368
165,211
15,516
627,474
567,79
262,180
293,11
300,102
789,498
454,148
943,594
245,76
470,682
115,82
128,814
512,846
390,390
816,214
107,2
613,20
481,525
35,38
86,297
408,412
856,452
441,166
99,74
114,170
891,975
971,809
366,109
733,326
466,506
152,121
822,262
252,452
121,367
366,283
968,968
143,290
454,116
971,108
326,34
21,283
52,1
76,485
116,367
358,501
240,237
347,595
473,106
609,452
571,181
83,615
831,235
212,41
49,436
87,132
277,371
841,676
81,544
102,2
223,142
161,87
913,967
283,128
166,380
495,81
681,462
639,101
362,86
845,988
269,657
786,206
967,449
146,790
525,446
544,859
533,180
358,729
418,908
411,604
822,292
333,441
820,150
103,741
151,427
812,692
928,536
763,368
830,266
164,2
61,52
437,38
141,213
186,450
861,878
288,83
358,608
296,377
191,6
290,634
121,114
97,92
177,297
144,283
84,907
869,984
362,11
87,661
246,326
85,919
547,402
309,966
27,438
211,776
2,896
261,75
958,695
649,892
282,50
206,440
183,973
970,482
784,867
58,552
708,456
241,452
652,899
424,125
854,611
856,407
143,201
884,331
1001,6
29,588
830,698
110,29
718,205
645,953
418,142
573,579
753,488
147,737
529,809
57,48
369,420
96,318
19,550
131,904
1,633
85,55
757,349
271,759
102,832
716,285
212,253
200,166
587,976
216,244
330,728
588,95
145,303
587,902
764,1004
243,384
282,552
969,925
864,97
557,205
343,496
773,773
731,468
770,155
295,82
495,294
118,387
173,287
521,848
785,755
317,932
440,515
75,470
236,241
503,587
262,693
483,138
413,232
211,260
798,340
487,496
83,689
697,398
432,757
847,557
163,654
106,184
941,132
775,420
827,605
249,7
393,152
213,844
913,353
221,73
40,251
506,504
229,114
452,499
198,685
424,290
33,27
167,546
460,862
879,470
740,849
393,588
212,131
249,933
434,340
7,44
930,927
226,914
405,46
214,536
1002,290
317,63
65,493
638,338
264,599
185,662
360,908
210,105
988,204
690,107
146,120
625,280
478,13
735,336
661,12
6,183
813,399
954,288
662,404
350,244
918,917
205,415
13,244
65,401
213,936
182,149
896,12
246,530
841,94
914,783
63,215
942,160
241,748
280,165
390,268
252,980
424,448
730,215
517,655
147,189
154,963
118,230
184,394
138,59
21,74
747,166
421,434
626,728
682,290
136,615
48,19
156,377
546,233
107,448
84,58
213,818
396,533
41,42
994,415
28,35
741,779
620,509
559,84
615,155
39,680
13,65
533,210
644,950
459,65
21,118
410,861
310,938
327,105
317,221
582,567
473,168
679,26
493,483
269,371
189,86
889,191
397,763
663,81
787,129
567,513
547,301
533,972
207,161
46,169
414,957
971,137
56,503
788,560
48,47
380,380
35,36
787,784
115,30
393,389
341,509
252,153
495,170
211,177
234,930
344,671
82,326
167,272
820,776
459,329
516,371
336,883
133,44
892,1
141,971
995,220
94,214
21,128
654,84
215,18
614,307
268,215
820,327
900,438
601,940
502,87
562,266
549,877
521,89
963,237
107,788
280,172
55,520
187,886
409,450
218,315
257,450
109,62
15,15
19,366
626,910
35,486
85,820
648,726
579,80
3,396
674,303
193,990
16,338
857,341
582,62
379,384
139,140
89,185
560,362
809,525
178,880
742,883
931,240
285,58
288,613
545,26
877,221
435,838
148,587
463,106
656,412
921,52
305,198
708,62
114,80
570,377
57,880
439,250
236,690
566,392
121,423
286,138
445,128
38,184
255,215
366,445
106,365
375,177
61,758
957,891
284,1
290,64
494,106
208,226
211,375
211,62
740,14
141,360
353,31
375,998
157,295
657,192
129,576
427,339
97,125
473,767
22,808
965,120
950,333
79,791
430,430
355,322
160,860
213,525
115,987
94,134
362,477
16,434
427,107
933,74
53,397
434,412
132,106
423,411
294,377
820,197
223,468
495,739
943,807
412,791
598,600
785,416
195,194
438,771
455,485
356,106
456,107
558,388
258,505
808,104
94,197
146,18
364,858
263,455
420,520
405,434
121,812
69,573
176,232
180,346
113,643
185,891
120,79
619,5
596,379
661,40
141,601
97,936
516,26
698,546
174,902
440,238
880,569
615,546
816,728
756,106
632,57
987,455
306,256
186,433
779,658
404,938
280,473
971,235
833,756
13,191
674,661
232,735
522,493
56,194
100,662
966,289
906,850
448,812
63,586
367,337
489,181
786,213
167,351
174,842
965,258
321,182
333,925
996,5
875,366
632,711
486,263
533,249
852,580
140,293
484,104
433,217
711,609
347,180
577,651
294,543
1001,949
641,127
83,153
448,715
691,57
30,434
221,198
150,879
329,42
665,6
499,166
376,156
860,542
461,446
900,169
717,597
471,255
191,37
555,14
92,652
413,200
334,929
263,686
288,654
272,563
490,255
12,996
490,747
670,87
338,742
637,943
444,575
292,543
53,294
418,522
861,976
89,505
242,62
434,23
357,478
485,444
339,443
82,767
265,265
155,1
656,444
329,66
160,826
784,387
143,128
85,114
498,12
240,293
283,63
190,87
961,611
698,194
525,504
154,650
290,694
380,397
904,810
671,356
59,160
93,260
732,613
137,160
820,207
533,114
410,616
815,520
355,995
251,40
204,167
435,635
103,295
1,150
331,73
490,184
43,712
905,177
191,948
146,471
481,6
678,549
782,401
333,361
379,181
290,356
411,303
813,914
3,101
160,799
490,419
695,189
248,636
922,313
50,110
921,608
716,716
73,316
342,103
111,374
589,727
325,929
5,157
941,684
912,499
338,123
726,687
265,765
374,820
200,293
105,212
180,122
560,222
373,193
95,349
618,248
259,6
609,495
575,312
212,493
975,535
812,798
62,445
613,215
63,228
122,784
181,383
364,748
254,121
641,325
630,393
183,145
316,221
681,659
237,587
271,4
509,465
470,845
125,640
213,141
666,1004
305,960
135,695
994,144
231,871
685,972
138,809
367,318
14,290
346,168
440,733
356,68
217,643
279,380
283,83
369,29
570,700
519,494
21,215
411,269
958,934
160,430
105,375
531,115
525,148
210,340
573,406
48,578
812,447
109,494
28,419
815,815
1001,591
361,620
298,507
698,453
985,810
58,249
471,70
157,300
963,473
792,251
453,953
423,981
409,280
142,367
281,57
211,240
183,401
74,537
417,123
595,433
199,917
2,283
215,754
140,272
915,923
799,680
332,409
744,120
358,740
62,4
155,150
820,172
725,192
256,923
709,305
911,860
825,784
251,339
375,62
195,208
93,424
636,319
236,642
55,59
640,903
602,636
63,239
322,622
789,458
526,602
208,194
109,980
859,963
287,614
695,20
55,678
199,121
852,150
754,164
919,618
739,553
854,19
252,212
657,654
249,114
729,940
29,33
646,620
204,205
152,366
93,515
22,616
984,270
215,134
314,365
375,785
434,200
6,489
284,551
674,430
494,593
242,477
181,346
79,937
722,744
321,507
656,295
231,176
86,223
110,474
137,6
407,984
465,61
253,434
548,170
452,7
497,516
579,614
341,594
451,558
997,638
930,20
121,1
389,379
13,357
329,469
214,767
732,914
696,699
329,16
81,476
178,243
754,1004
169,365
906,882
180,231
283,405
794,227
83,113
324,43
57,286
17,950
277,277
913,700
296,387
497,556
167,257
723,345
357,80
283,594
405,531
473,111
1003,624
741,598
405,62
84,166
461,46
94,533
253,21
6,79
49,83
121,318
430,856
218,36
839,611
143,41
685,27
366,234
280,820
20,978
500,502
527,576
993,858
340,932
256,518
994,656
12,1000
114,51
258,107
332,359
948,768
56,286
685,809
588,78
20,173
150,389
913,152
697,121
912,765
232,989
820,336
495,606
82,114
162,333
840,65
579,587
877,574
423,164
812,4
470,455
390,825
991,412
406,899
211,365
114,165
439,441
40,23
982,14
167,201
69,509
493,909
651,546
453,745
887,592
298,42
71,433
196,231
29,26
487,909
340,375
187,256
243,210
257,165
13,535
114,339
958,112
105,612
212,453
997,351
458,403
295,479
169,211
596,478
900,134
747,750
711,103
45,273
968,7
323,404
377,959
756,821
352,656
823,700
422,244
296,123
435,127
377,748
61,429
235,630
218,268
284,391
871,680
833,62
54,949
458,714
210,362
438,628
453,170
29,162
715,348
217,103
986,575
236,238
4,180
518,105
583,742
715,649
423,335
412,404
280,249
355,303
183,473
557,401
256,191
115,606
418,129
132,210
473,531
133,476
42,671
437,361
868,332
23,160
964,2
13,390
5,237
917,199
358,466
71,305
312,189
162,892
82,93
661,549
35,301
936,129
721,470
184,358
281,718
826,144
723,310
236,1001
803,826
724,453
756,240
13,239
312,967
116,743
546,474
40,438
225,200
158,798
218,661
599,2
180,301
256,211
87,426
46,371
233,347
985,125
78,47
739,407
468,282
406,593
377,167
455,76
238,234
548,256
700,332
121,401
980,253
676,50
30,188
564,242
183,5
314,938
280,863
958,614
11,11
896,530
232,167
94,776
393,719
15,658
850,951
145,615
280,972
764,136
212,296
6,250
610,753
885,728
433,456
508,525
55,939
142,289
915,956
500,504
451,733
120,632
576,81
36,27
405,303
812,780
183,430
142,19
319,74
260,557
432,696
665,55
846,327
520,532
326,107
569,704
534,544
411,816
621,21
181,937
608,558
549,248
506,282
419,652
221,107
390,389
733,680
105,404
971,403
738,894
827,486
477,584
301,168
633,48
425,90
146,553
17,269
693,723
381,176
499,862
13,325
879,242
104,824
65,533
770,166
391,64
200,895
152,492
219,43
449,5
255,842
429,461
124,892
498,605
84,492
669,936
495,114
501,671
965,507
597,233
681,12
810,571
238,525
57,64
355,166
651,474
335,794
16,63
360,141
105,427
751,682
410,116
158,926
214,207
646,573
960,331
170,914
600,204
335,996
897,697
912,0
891,390
186,857
887,192
642,989
169,424
324,679
107,236
484,694
306,549
142,173
161,7
734,370
462,561
551,53
466,728
411,700
276,594
978,511
752,858
277,435
992,330
422,272
420,189
218,248
346,552
112,469
909,616
777,862
963,312
497,548
493,712
300,183
372,818
926,963
81,724
19,570
88,597
344,784
583,606
777,142
126,2
852,6
664,278
607,548
504,238
215,543
269,473
404,162
29,197
597,118
791,567
869,475
949,511
521,410
929,335
748,62
272,592
603,901
972,816
82,173
340,987
183,88
820,28
832,412
306,9
142,340
612,121
812,877
546,362
65,434
336,136
58,281
86,95
344,668
17,238
296,245
255,200
539,27
821,857
283,280
289,499
781,555
837,837
60,700
102,812
689,341
160,135
387,221
297,892
434,161
323,64
796,735
46,93
48,357
211,809
121,546
963,131
904,546
105,474
129,520
850,720
661,441
190,62
268,311
591,658
783,654
359,570
360,498
155,429
124,285
304,54
546,208
645,231
819,351
143,166
162,50
543,294
785,841
1001,884
166,426
958,658
212,531
234,96
283,589
469,143
890,421
368,410
697,473
956,605
904,967
495,223
377,593
61,412
488,141
263,62
424,445
35,129
932,150
81,698
242,209
985,588
541,62
955,720
759,882
124,130
445,601
113,220
266,404
102,6
716,831
298,638
733,870
604,370
962,81
247,707
142,828
129,365
698,802
806,21
342,17
981,847
20,927
355,356
479,549
376,971
61,897
589,820
560,48
21,325
974,277
341,309
278,351
321,181
256,51
249,211
263,245
450,13
889,765
5,931
160,142
586,663
121,420
494,552
631,822
405,456
730,302
466,160
443,545
286,842
270,129
571,433
963,87
59,990
548,46
232,984
418,978
13,271
549,208
478,91
505,471
0,457
459,206
81,107
318,170
337,5
153,62
190,69
393,390
509,184
282,184
674,141
806,981
106,909
251,561
259,541
249,28
257,870
849,207
497,440
480,356
671,403
540,73
780,1000
107,70
852,619
405,105
106,221
695,164
141,266
361,627
766,41
886,41
485,300
906,588
159,158
600,133
149,232
281,875
201,137
504,160
909,86
526,44
42,434
743,801
125,612
258,474
305,408
2,865
254,144
448,21
506,500
664,67
209,260
709,874
480,455
169,427
76,444
318,443
282,856
306,205
722,398
381,686
432,429
42,209
204,283
495,459
150,341
204,200
705,450
27,338
421,268
129,162
283,601
705,609
943,737
750,690
435,616
73,17
65,550
89,413
450,440
158,107
245,968
295,296
106,68
437,116
283,314
609,898
186,499
179,295
84,160
243,233
171,606
255,112
776,293
44,677
96,59
314,206
145,760
397,295
62,80
411,400
720,139
466,525
930,621
303,424
152,651
939,882
495,434
459,19
851,357
174,363
193,58
266,720
9,573
982,976
534,316
811,771
196,94
936,533
153,94
305,481
599,491
258,973
442,870
537,227
859,743
167,69
438,444
748,790
244,362
318,213
137,710
579,604
444,690
107,340
256,210
936,907
433,319
243,236
224,189
258,27
385,336
115,128
338,32
96,66
506,365
54,552
93,807
32,211
252,159
52,719
494,200
361,53
282,225
3,102
252,166
396,879
319,883
366,666
153,105
417,982
172,734
814,191
310,255
482,771
48,151
64,95
708,500
138,81
349,99
950,335
809,565
80,81
237,238
510,84
367,898
447,204
949,479
339,9
258,476
540,295
234,1000
249,357
295,378
600,315
576,397
165,79
249,747
475,306
25,933
56,987
232,41
52,245
720,796
13,96
306,197
271,272
90,272
267,267
18,85
698,208
48,27
294,733
629,878
313,780
882,645
112,406
190,882
629,750
764,611
295,290
322,334
255,434
193,3
105,607
610,919
178,351
489,305
206,639
423,887
998,218
148,280
822,687
63,63
949,305
125,99
340,772
679,432
58,208
362,666
415,680
79,78
81,478
818,868
15,353
296,227
426,280
515,167
856,251
426,62
168,565
143,866
892,44
373,427
160,141
752,131
170,360
11,324
656,58
756,31
422,129
333,486
422,729
147,58
594,24
914,419
820,79
179,424
731,962
183,133
950,540
124,907
310,604
165,128
23,691
30,417
137,80
897,621
21,489
970,485
716,84
186,62
841,808
580,698
90,329
327,20
610,660
69,869
404,124
141,407
493,562
995,404
573,308
429,160
316,379
175,730
162,492
7,308
169,548
422,496
865,837
27,437
211,636
422,473
349,349
483,507
166,184
956,106
391,295
481,208
431,139
693,16
978,900
715,685
586,27
301,465
899,264
652,773
482,554
89,174
236,279
221,215
141,398
46,429
529,213
211,532
41,215
741,726
280,206
282,425
355,876
407,13
31,59
120,133
201,41
50,50
492,581
64,644
278,908
765,56
446,108
896,344
412,845
847,922
848,6
854,977
265,533
1003,308
207,263
325,303
340,114
334,752
565,828
442,667
45,916
542,52
306,160
254,859
971,29
159,931
710,896
323,656
523,12
187,184
422,288
87,74
616,621
911,392
105,242
761,451
251,716
820,16
94,550
885,642
251,876
274,633
357,758
461,735
717,900
198,95
856,153
13,53
58,160
160,59
570,478
124,99
215,541
754,62
923,794
444,749
906,115
667,128
225,906
640,185
783,283
844,191
115,163
493,440
100,354
115,436
591,841
509,13
422,87
789,137
167,426
769,730
128,118
86,167
950,58
393,241
71,773
932,493
932,106
201,128
807,370
470,427
2,36
393,60
427,261
5,133
165,949
693,354
65,581
704,24
747,149
398,923
395,602
159,54
42,820
902,296
946,359
356,218
106,135
407,215
369,253
325,82
550,791
345,157
303,221
121,767
417,245
106,756
90,183
556,553
782,55
729,15
738,2
292,950
770,979
219,985
552,126
34,28
843,979
870,895
784,740
6,379
618,398
351,342
208,63
290,198
212,86
532,727
1,221
267,44
159,540
810,560
963,837
4,96
301,180
411,194
283,395
898,604
822,494
387,389
863,527
85,861
295,391
531,682
812,749
491,56
202,713
263,919
894,394
409,418
592,447
80,309
419,329
129,246
443,530
894,587
254,283
357,424
888,849
209,273
758,843
625,459
899,315
96,115
693,118
620,785
524,676
991,950
133,568
647,412
223,215
414,249
172,183
312,77
56,63
319,594
828,659
110,974
3,236
498,200
351,575
231,621
87,404
457,260
30,121
734,470
187,551
609,895
115,626
150,295
871,639
961,274
827,790
292,168
654,392
271,58
76,597
38,575
365,935
581,220
253,166
261,119
775,148
146,316
283,365
371,360
357,62
541,714
106,454
667,621
530,65
36,142
289,36
30,694
151,136
537,397
254,147
885,80
903,230
208,892
83,180
284,351
371,353
128,532
735,269
254,492
271,282
864,269
993,647
914,987
340,857
90,388
952,938
444,113
549,221
261,817
825,621
649,351
513,731
952,175
264,265
681,879
151,400
324,906
78,61
577,3
138,848
518,491
170,212
399,129
473,495
166,19
285,688
411,252
317,313
550,667
445,557
118,84
389,326
356,293
86,736
296,644
411,308
192,725
466,176
143,525
160,275
756,223
723,834
206,65
86,21
417,333
174,46
922,583
65,448
74,222
877,237
471,496
588,742
651,1000
211,107
128,280
26,336
590,28
966,297
886,892
281,836
450,14
389,231
307,512
976,547
723,482
672,781
68,300
196,95
279,10
65,791
331,767
204,218
694,61
850,973
84,37
913,287
377,204
589,593
489,129
41,204
145,271
379,390
174,286
89,159
28,63
675,467
859,698
67,258
407,566
183,426
320,637
307,725
298,685
283,160
301,290
188,785
483,903
958,345
492,176
277,167
138,346
426,477
160,52
178,198
884,530
116,757
964,775
767,323
62,129
218,340
457,449
975,895
988,484
62,285
252,96
831,604
562,696
132,10
198,1000
821,391
404,533
450,482
143,31
665,173
427,562
445,531
299,468
930,56
845,579
842,823
496,849
726,512
379,420
781,469
587,371
329,367
385,231
413,837
35,623
842,56
455,932
871,948
590,171
160,375
710,747
192,786
218,647
6,102
83,209
147,146
107,357
426,86
124,142
159,159
79,79
339,39
210,252
669,605
371,490
499,141
318,444
494,70
381,370
296,351
671,469
977,668
143,93
133,308
342,296
213,452
579,273
185,408
917,52
644,269
341,717
420,854
106,650
62,153
117,853
86,426
430,816
329,46
35,192
41,838
283,0
59,603
714,362
775,897
725,847
807,268
54,438
557,518
160,139
819,957
267,302
69,492
128,114
623,310
86,707
838,747
184,42
495,460
300,680
405,161
65,474
5,496
49,50
97,352
508,747
256,286
933,89
112,356
563,493
473,32
420,885
2,875
250,150
229,364
117,376
271,132
932,17
212,518
951,540
452,131
138,87
253,537
131,476
813,844
1000,232
895,714
864,81
437,947
66,211
206,203
338,114
108,118
495,659
31,165
719,182
234,158
86,459
423,62
344,200
212,856
685,63
906,464
746,806
249,672
362,183
47,263
443,485
502,8
44,776
494,601
459,209
960,674
881,375
375,183
777,989
107,221
392,139
867,515
62,238
13,47
533,145
457,435
493,66
332,959
256,234
776,820
54,305
491,453
33,282
518,661
612,226
388,345
203,680
116,170
151,261
175,448
154,236
31,256
412,941
993,225
243,839
811,712
153,122
386,395
58,304
158,415
499,232
339,115
444,423
370,27
937,244
572,82
37,39
576,764
35,107
107,284
709,598
367,802
320,436
263,417
254,969
445,424
356,301
665,812
385,864
299,737
756,869
897,298
488,560
282,35
531,768
145,233
207,172
224,224
873,422
404,963
247,250
910,260
966,865
5,261
537,403
343,160
654,137
437,394
160,216
223,330
340,438
653,118
131,779
462,931
10,21
321,396
18,797
184,546
535,752
374,25
405,892
932,180
167,435
338,852
55,140
811,508
5,96
286,812
283,492
760,335
509,75
588,728
540,271
334,139
860,637
87,474
937,341
592,877
190,459
5,283
221,85
716,138
380,232
1000,174
302,845
860,70
242,105
269,335
640,144
58,13
310,271
409,400
142,187
30,53
708,99
377,816
264,661
426,847
733,728
643,49
611,211
454,11
831,734
143,405
486,362
72,769
151,30
645,454
13,418
183,286
222,221
434,515
932,83
141,358
34,54
282,543
329,648
322,434
127,92
181,296
347,509
332,836
351,419
256,152
165,82
13,29
484,845
23,151
665,945
776,130
992,957
393,612
96,919
260,559
195,629
534,540
582,160
345,180
183,207
369,96
502,230
502,504
191,343
374,501
422,131
5,115
143,413
355,106
62,137
234,654
528,1000
176,238
283,420
97,662
465,14
517,192
137,403
414,406
106,771
361,361
28,944
738,903
660,904
483,1000
461,461
121,531
100,323
442,235
715,953
5,99
574,925
912,315
838,147
790,664
169,13
53,129
887,65
213,213
311,742
473,147
566,666
388,130
107,417
509,346
243,411
287,35
17,307
485,263
639,851
219,267
478,66
707,139
440,159
160,89
89,234
875,894
908,896
366,577
821,840
784,925
447,428
218,133
107,139
230,732
538,394
546,715
569,178
428,272
578,282
255,715
252,281
145,571
671,81
516,408
337,948
197,552
563,272
209,56
342,348
187,434
308,430
908,200
252,803
492,283
856,44
262,179
692,481
179,284
347,844
133,168
103,706
977,559
428,46
695,588
905,905
147,980
939,829
400,92
17,147
165,119
590,30
115,67
520,717
701,265
263,414
893,660
80,92
35,255
752,649
341,798
717,118
588,438
312,231
325,736
63,252
310,85
192,411
611,668
999,646
962,594
519,938
261,487
415,144
52,411
549,490
520,757
2,37
325,509
734,69
368,368
985,609
207,199
121,88
48,444
304,190
709,515
232,606
87,153
164,160
700,19
30,25
544,907
198,64
867,253
118,756
197,801
340,720
29,715
128,820
246,766
74,282
116,35
528,266
397,1002
855,478
837,176
65,457
560,282
337,170
510,217
812,63
814,515
333,58
484,143
558,436
869,350
145,256
565,608
932,350
171,452
434,83
437,398
38,547
183,353
3,575
187,152
486,365
64,536
150,938
340,165
639,770
766,482
188,549
425,621
362,256
683,590
210,763
925,689
459,820
82,154
411,809
155,95
473,35
630,796
417,175
932,303
141,783
456,302
305,92
589,775
419,74
492,510
937,404
86,531
429,579
62,869
570,639
454,789
10,366
269,800
546,393
107,550
196,908
325,878
793,166
638,40
129,169
656,580
62,132
635,576
753,544
58,137
71,656
83,269
115,674
243,234
568,207
105,48
562,498
971,343
342,342
405,296
630,171
460,473
631,273
298,562
506,661
878,472
87,152
210,269
183,184
5,201
954,530
475,167
361,788
366,424
573,12
531,286
139,282
128,526
13,329
132,131
525,247
498,247
910,728
142,68
188,363
135,437
597,99
424,64
269,446
936,98
713,917
417,847
321,321
145,832
398,108
674,569
136,196
179,820
707,247
61,559
800,533
317,796
160,736
749,528
285,698
30,129
874,654
993,711
377,384
72,603
368,541
417,27
308,471
746,361
464,211
101,691
514,741
82,555
946,80
162,253
320,488
872,28
254,169
211,305
102,300
438,58
598,757
594,264
88,296
338,365
271,63
212,546
515,737
563,75
647,69
96,236
82,249
324,866
107,279
495,836
479,845
976,47
157,180
643,542
861,134
241,377
612,162
262,237
252,826
287,824
661,908
845,506
147,301
878,490
51,409
767,492
280,203
441,121
788,160
295,389
105,450
559,801
129,28
723,733
180,644
930,666
173,166
410,39
839,930
374,7
71,70
68,663
747,309
93,407
55,293
120,758
863,418
31,82
425,289
324,135
523,706
132,166
375,860
79,51
11,530
932,576
295,341
213,487
420,186
903,432
277,801
406,888
249,23
459,71
298,549
679,81
182,652
699,126
946,128
322,322
384,858
567,343
101,125
216,250
363,518
264,266
170,987
287,20
127,496
68,21
252,195
257,146
86,521
834,542
609,272
209,210
690,301
63,408
150,914
936,15
85,810
210,242
139,129
463,249
467,4
255,295
822,697
36,21
20,260
453,472
129,294
152,74
155,130
284,214
60,953
901,958
300,87
215,475
307,206
232,1
184,314
705,859
365,865
302,304
967,645
523,814
136,135
16,367
201,183
259,576
264,938
159,445
242,405
304,16
19,39
43,625
443,339
354,64
471,861
755,211
884,103
260,127
130,130
674,754
766,989
231,220
82,227
163,892
928,165
170,165
401,870
617,674
707,525
162,402
464,455
404,654
298,536
582,485
44,216
459,173
158,132
800,947
954,439
109,546
578,390
133,10
442,740
884,751
513,747
84,432
121,152
986,622
365,426
740,447
253,259
405,314
122,649
405,480
491,548
92,387
937,657
166,181
238,62
577,256
405,1000
343,128
374,741
518,559
738,995
760,15
615,272
273,68
367,420
710,418
1004,406
270,597
329,245
121,252
223,20
484,290
820,232
1,868
107,323
271,748
702,945
480,647
716,445
338,37
212,465
684,55
599,211
103,987
669,903
95,411
149,931
35,40
826,6
986,26
818,62
218,872
426,114
437,336
208,163
63,363
228,97
13,242
401,401
296,379
616,320
535,834
114,548
754,720
290,83
434,92
473,189
144,955
142,453
446,592
181,119
259,327
89,302
382,632
424,295
178,483
117,137
162,968
208,177
441,283
368,642
201,486
209,174
333,517
65,835
626,819
510,504
808,894
273,677
856,583
218,917
406,406
698,481
280,148
30,824
107,343
442,902
145,379
883,339
249,452
670,521
798,519
18,998
470,261
846,102
34,361
81,420
3,59
919,847
789,419
486,115
129,211
542,403
129,684
154,956
336,561
473,28
473,963
914,1003
808,94
97,71
918,207
518,801
655,603
358,647
401,14
269,273
651,423
424,783
457,47
169,91
108,93
344,974
521,823
77,580
53,316
699,406
194,880
434,116
358,205
215,60
859,975
105,199
78,176
167,197
715,966
434,203
329,169
133,160
693,527
551,533
82,30
152,518
218,313
120,120
34,631
53,93
301,337
21,480
189,377
152,288
425,403
560,75
82,187
567,977
8,301
423,121
870,930
11,566
856,434
498,358
746,741
293,149
638,329
127,36
4,282
571,450
252,211
635,683
329,113
440,435
556,232
932,131
160,340
90,887
132,192
105,358
26,26
932,649
311,252
114,145
15,695
996,304
79,844
209,71
303,58
583,24
593,197
669,420
929,685
160,401
388,150
366,282
206,522
231,624
1004,887
281,756
756,533
152,909
944,469
420,105
340,310
271,848
336,116
373,706
442,278
806,56
591,186
411,208
127,410
485,552
483,128
872,85
504,533
295,103
937,841
115,226
519,255
367,115
362,430
74,181
311,225
536,83
432,877
649,9
982,816
389,306
431,368
183,411
133,531
410,224
677,710
794,694
415,901
685,305
246,371
625,80
440,899
455,165
523,654
959,152
116,665
187,155
806,285
226,711
678,990
550,707
550,288
86,404
890,547
155,187
170,494
189,533
980,270
121,228
674,981
166,529
261,494
229,366
493,820
157,378
191,681
472,709
900,290
616,872
145,105
533,504
17,310
342,60
750,822
211,21
564,338
30,263
599,425
149,180
23,170
309,133
674,512
625,524
529,466
921,63
187,80
256,452
30,51
170,160
680,431
300,365
534,458
257,900
165,183
173,212
101,546
106,83
15,655
69,325
865,811
168,624
448,272
856,798
83,63
199,820
107,531
105,238
145,180
462,715
856,82
63,533
535,914
482,48
190,437
763,534
829,617
338,900
337,136
18,925
184,373
115,324
155,532
271,301
275,168
82,99
721,609
201,352
212,549
199,41
212,160
258,111
457,197
300,10
114,527
80,306
164,424
405,19
412,63
771,931
132,506
927,592
123,123
152,283
410,183
466,446
252,304
235,238
800,727
486,820
357,121
765,593
878,578
323,308
42,166
210,118
245,365
280,107
303,166
93,783
169,455
614,805
206,107
811,593
434,314
282,106
54,412
343,54
903,617
54,59
74,484
135,443
117,390
282,255
725,923
213,360
403,655
65,43
79,24
974,303
160,323
491,446
488,387
14,493
667,81
395,396
537,243
496,64
978,145
226,365
580,641
725,772
250,1
164,174
427,62
134,521
23,926
14,859
404,709
49,464
161,692
2,902
932,114
166,376
604,398
242,303
0,222
343,826
533,147
792,62
796,712
263,290
226,319
620,412
855,119
830,134
623,613
811,175
700,862
911,988
333,339
352,345
462,203
40,619
7,498
118,1004
268,316
731,629
599,953
161,401
108,255
31,40
260,761
106,136
64,168
3,303
994,986
936,549
377,280
901,170
440,426
678,758
726,921
555,754
839,475
320,320
420,121
602,630
554,29
772,72
241,81
539,627
894,522
787,1002
95,201
375,160
42,34
249,462
448,428
33,615
698,54
815,80
243,997
841,625
162,295
607,255
257,183
42,17
227,974
213,266
298,95
793,425
57,738
835,962
399,41
903,237
860,519
962,346
494,907
593,533
301,29
287,201
385,498
222,1
661,161
407,726
389,391
328,697
86,142
537,74
9,754
156,165
762,199
675,978
15,495
835,921
261,285
480,549
931,47
216,62
442,48
560,184
218,308
751,596
2,3
333,812
672,430
344,342
403,802
324,11
41,897
596,902
252,801
366,368
802,393
693,769
64,173
821,156
615,393
68,886
107,212
771,368
166,0
254,371
827,650
654,387
753,151
371,97
252,271
170,35
345,988
105,161
932,77
263,86
420,326
377,393
283,367
719,863
941,894
393,394
735,266
221,446
6,587
41,82
459,80
79,165
193,63
66,88
301,173
98,758
179,278
18,241
533,242
496,5
1003,970
906,347
924,50
172,486
165,107
259,672
107,704
46,447
939,4
226,129
854,214
75,261
147,859
272,822
587,950
831,878
321,160
933,215
28,24
320,384
207,343
333,128
147,460
318,181
273,579
212,10
444,363
617,618
740,106
218,230
655,151
741,599
249,83
6,358
86,546
52,537
605,791
95,716
149,960
815,155
20,77
777,581
187,121
275,906
831,115
813,836
377,383
383,816
482,172
706,871
748,243
715,218
546,493
802,31
58,96
90,444
301,21
311,188
417,762
763,348
329,592
183,655
469,362
116,135
868,781
360,807
179,642
23,803
738,396
603,583
820,974
460,421
159,201
158,931
404,518
64,116
4,360
300,45
250,638
90,66
497,376
115,415
167,450
594,501
473,93
803,883
1000,206
155,655
172,64
492,816
413,436
90,91
7,213
755,80
583,528
295,883
909,415
169,495
557,651
380,227
230,21
552,552
44,16
177,459
137,194
875,892
51,51
103,102
614,461
13,114
122,73
722,214
613,247
363,664
253,531
703,274
331,16
742,357
315,946
461,781
172,403
362,280
186,432
708,708
492,152
314,161
251,417
48,166
820,950
732,216
754,791
621,549
206,291
312,859
160,621
556,535
596,621
809,59
474,110
464,280
559,436
243,615
309,223
283,371
996,820
588,545
339,136
543,105
2,89
121,242
330,355
531,438
806,383
336,753
47,445
808,692
62,237
990,816
545,139
788,340
957,620
301,834
747,64
627,809
442,686
314,222
410,329
57,902
631,210
850,180
764,375
132,875
780,648
520,525
344,148
5,117
960,390
937,690
408,592
623,417
798,990
704,712
4,685
212,873
87,82
149,744
353,183
6,805
404,472
459,226
255,63
614,90
123,96
405,158
925,981
116,96
814,742
481,562
970,681
689,929
446,473
160,377
52,18
18,667
604,622
336,135
738,619
311,529
757,210
420,363
523,608
26,863
139,822
650,932
549,74
2,22
87,49
189,21
607,804
765,86
967,161
485,76
243,847
243,235
704,327
363,621
887,607
190,418
426,762
217,9
336,762
107,560
318,531
313,623
203,334
62,141
455,58
589,729
393,376
926,242
425,873
329,836
162,723
558,529
641,428
178,157
333,113
141,204
429,274
538,945
479,402
790,974
30,261
61,181
1001,230
476,241
100,62
884,629
179,771
481,669
184,481
329,817
375,90
743,250
844,594
723,770
28,717
836,690
707,28
877,429
772,4
257,161
262,344
352,713
344,156
331,983
6,528
130,513
342,294
84,425
115,438
343,211
133,201
82,708
128,379
576,680
301,25
474,153
698,466
160,212
373,964
95,368
276,94
249,282
840,104
9,677
477,210
82,337
44,324
741,250
595,73
183,423
820,47
10,777
58,707
378,452
464,741
453,283
491,497
93,494
429,446
843,283
319,783
736,916
523,766
82,183
138,737
182,578
939,43
230,856
92,92
549,679
277,644
188,582
384,968
2,209
355,256
152,995
596,965
686,358
748,164
531,116
588,15
121,83
434,167
120,932
295,6
822,205
97,371
160,454
711,778
816,894
237,209
412,412
171,781
295,393
620,590
969,177
84,127
176,177
774,180
246,783
583,617
394,560
296,258
34,130
153,795
944,132
162,971
735,362
318,628
442,442
20,110
113,483
168,717
824,784
117,372
164,145
138,209
176,275
506,9
750,258
4,625
257,960
614,197
137,3
671,375
743,224
756,334
933,366
486,169
326,20
314,314
211,281
86,28
142,418
817,739
215,223
95,969
107,393
373,812
351,28
981,485
570,19
653,537
665,494
114,62
84,326
359,7
86,999
679,778
99,404
976,438
197,143
65,358
87,163
612,439
273,316
738,195
209,305
279,279
787,637
832,783
370,725
439,194
872,633
290,421
5,74
933,485
24,30
212,211
785,818
256,186
101,559
530,497
788,87
368,888
236,249
67,533
253,937
287,353
931,931
302,287
303,937
139,429
84,467
751,722
309,1004
648,163
167,526
156,697
230,230
952,28
226,816
282,891
393,761
716,468
345,256
684,80
661,264
209,460
818,351
960,792
60,275
18,782
20,136
299,81
87,304
89,423
734,177
25,459
396,98
121,86
396,502
568,130
869,653
371,768
308,6
392,138
0,250
160,163
932,255
576,299
987,199
84,77
10,565
366,166
183,36
298,489
56,688
86,756
351,278
860,914
173,326
493,486
907,903
608,20
166,668
377,106
249,84
181,245
483,14
809,806
838,501
320,101
107,91
916,769
7,112
958,784
957,458
891,288
108,650
746,729
828,790
547,176
590,23
318,107
303,896
678,586
882,315
20,301
254,84
912,85
212,402
672,550
901,609
231,14
292,247
612,233
0,975
27,32
160,828
900,379
669,801
108,356
377,396
494,93
912,147
626,798
58,55
518,189
3,239
133,859
569,932
74,872
252,498
243,319
393,643
868,789
809,305
143,488
322,273
343,798
562,177
326,86
674,414
232,284
305,990
876,435
61,380
674,360
535,227
405,194
364,573
377,365
183,329
172,333
662,323
530,878
115,156
756,730
992,174
30,546
111,912
963,210
52,635
586,171
150,973
466,265
230,461
363,256
755,732
131,859
253,142
450,581
93,116
418,582
954,154
963,301
114,464
82,215
57,372
377,395
844,587
824,197
776,804
680,306
71,923
902,402
229,340
474,356
115,427
433,180
215,812
715,623
29,999
395,622
687,304
39,822
449,993
100,689
741,807
89,10
453,212
362,15
42,249
457,325
304,694
572,593
328,678
379,296
378,934
63,107
569,654
5,357
61,172
827,902
211,462
793,664
433,288
808,26
429,15
314,312
832,587
859,932
817,826
321,384
515,64
853,366
257,383
974,593
161,405
120,18
242,679
651,313
834,857
979,979
160,56
254,81
342,452
376,295
702,116
312,494
359,265
206,578
107,115
316,181
85,18
891,119
265,232
711,100
504,225
192,28
854,593
345,695
66,2
37,229
261,35
21,249
517,229
224,289
408,785
23,36
173,126
105,601
232,460
251,945
823,661
155,593
221,977
981,361
870,954
509,81
62,306
216,943
335,761
209,901
142,4
160,10
944,382
560,84
968,160
7,833
199,543
550,89
206,277
533,164
353,434
19,707
86,86
995,56
174,158
420,654
443,26
325,334
86,10
263,160
238,794
641,420
121,169
933,372
594,931
81,145
4,208
257,345
75,367
482,79
651,923
269,643
76,932
652,537
262,62
294,206
301,61
346,425
160,747
377,389
309,5
73,767
236,303
615,352
445,242
764,766
425,628
600,129
444,555
165,245
965,987
748,749
248,221
776,368
533,679
880,157
162,0
113,107
105,282
280,47
483,47
356,549
677,495
79,437
155,285
733,440
232,312
932,70
4,211
351,214
81,357
785,536
86,107
581,77
238,0
617,694
327,713
46,272
876,803
393,17
674,786
434,163
901,512
812,663
936,279
981,47
133,333
304,557
576,264
695,365
386,773
362,365
855,383
105,419
483,232
531,114
602,61
183,309
839,931
423,47
196,789
517,753
759,755
844,730
649,121
929,897
69,108
295,181
888,84
691,945
473,19
191,283
292,146
5,302
344,317
618,185
983,491
155,213
568,425
873,946
958,71
686,153
106,371
244,87
341,573
179,349
46,983
382,661
128,955
300,268
100,142
811,497
743,247
297,137
23,275
896,116
270,486
79,596
176,333
62,426
126,271
778,454
453,660
471,838
84,555
121,223
552,692
251,534
200,776
765,293
629,372
98,740
590,620
430,655
993,378
104,499
264,707
680,535
333,41
0,6
967,253
340,160
787,624
7,502
674,12
128,196
599,482
309,311
320,96
358,173
70,738
482,241
410,82
498,149
760,691
473,211
438,165
10,86
130,655
797,18
614,106
424,337
815,138
775,890
183,306
886,719
184,187
528,869
992,943
813,972
620,290
690,433
678,921
728,327
98,62
28,44
514,430
278,191
249,327
147,375
533,592
202,97
260,852
249,252
335,15
341,213
304,271
385,467
115,84
408,211
37,423
28,329
450,544
562,840
703,988
394,181
113,298
358,161
259,509
12,856
263,301
768,542
670,700
154,495
11,700
579,709
542,103
142,940
410,754
856,552
672,933
44,331
809,179
173,973
176,129
81,329
329,504
285,809
200,141
199,850
427,166
661,783
194,192
913,221
115,424
133,232
56,474
506,117
772,876
426,130
48,423
892,425
103,103
434,87
313,188
654,862
368,832
537,613
820,957
15,448
157,368
184,487
226,165
79,120
657,644
193,57
210,62
42,163
147,1
332,4
868,66
523,304
299,855
315,618
18,347
0,221
520,920
54,520
256,165
93,64
777,341
519,316
362,129
238,238
685,826
11,10
380,182
411,522
890,355
351,81
795,495
223,183
86,47
53,654
157,5
346,835
114,329
702,665
361,62
971,445
601,389
160,346
1003,221
45,351
170,282
683,168
929,985
251,62
402,331
698,550
596,347
832,323
233,404
191,149
186,186
135,40
275,860
303,610
817,673
40,170
598,134
569,9
15,38
847,494
212,226
99,634
415,247
163,976
206,763
734,609
976,361
35,302
229,406
826,694
254,366
397,397
982,768
399,394
858,655
125,323
269,592
566,389
862,21
348,866
816,336
452,569
133,377
441,360
692,665
96,242
430,858
922,499
62,493
57,303
156,191
575,638
58,690
156,345
312,225
677,345
876,14
954,37
91,375
370,26
113,543
309,256
387,250
340,105
420,367
854,687
92,154
33,323
195,286
109,995
811,206
183,128
392,387
942,348
733,166
32,578
415,834
733,733
731,92
190,106
544,88
137,57
191,525
112,926
215,227
580,910
26,549
861,500
81,456
118,21
630,699
243,159
16,448
356,329
514,514
236,369
414,415
674,59
683,95
212,413
236,489
131,160
201,500
562,18
263,169
188,186
191,345
991,936
124,954
271,601
793,168
890,587
807,776
181,176
436,119
609,847
184,582
925,333
271,243
847,68
248,299
844,957
159,926
209,137
866,522
159,599
495,203
154,140
86,768
483,320
412,156
569,714
7,7
537,782
468,858
405,742
333,547
283,308
81,106
160,538
824,283
201,203
271,863
4,826
902,144
82,172
480,282
643,604
473,889
31,190
18,218
94,41
603,501
768,935
293,27
21,695
258,143
431,787
63,571
903,462
333,492
741,553
96,728
446,84
280,204
0,920
287,69
114,322
630,481
198,224
424,211
77,691
105,362
521,720
424,355
860,251
533,265
458,397
282,812
17,228
690,148
852,118
246,548
225,442
12,266
391,588
371,129
800,654
70,83
351,249
496,371
407,438
560,703
569,820
615,514
84,162
921,895
148,149
141,944
715,725
2,208
608,488
531,264
494,108
638,589
209,64
76,197
494,144
833,812
424,114
907,981
356,763
434,169
651,667
423,381
430,360
399,526
81,509
350,980
681,626
161,504
340,62
13,590
424,340
144,492
213,247
233,166
1003,409
567,34
388,656
725,521
105,473
407,986
823,375
419,68
161,903
442,262
5,827
371,79
209,155
440,562
766,435
401,102
494,257
429,848
424,39
168,114
177,381
483,556
53,943
484,64
78,512
91,258
121,87
21,87
588,169
181,388
874,760
481,285
828,46
980,558
113,455
18,317
189,106
362,769
294,346
234,82
385,53
4,239
63,88
661,247
537,189
450,256
13,278
183,170
90,90
948,350
741,885
82,142
686,21
268,421
460,167
409,90
93,204
384,289
80,295
499,566
66,108
281,64
114,355
340,156
792,556
46,407
668,634
368,440
712,201
108,443
327,295
293,530
68,527
285,840
642,16
652,333
272,800
208,285
976,516
417,47
229,31
590,933
106,191
41,1001
86,318
923,875
991,757
62,342
63,281
37,96
63,36
502,160
801,678
475,554
201,971
712,792
846,846
429,797
86,553
884,327
191,601
512,155
304,58
280,813
232,583
604,182
768,404
389,377
796,120
730,783
460,466
332,523
201,196
538,538
74,317
155,145
731,145
889,181
82,230
504,778
604,648
447,139
597,33
837,586
928,485
141,729
533,551
419,462
726,711
65,14
166,366
127,169
29,25
255,376
627,667
566,855
134,134
121,110
54,63
192,102
329,129
434,441
499,693
360,988
711,274
434,288
75,684
40,847
845,211
711,767
533,285
448,429
21,498
469,673
253,373
247,498
772,543
367,280
856,186
611,477
992,129
370,933
885,21
985,900
563,129
85,790
367,627
83,281
121,726
304,303
813,995
180,229
705,439
790,712
800,190
575,388
263,486
4,538
278,495
325,298
957,700
173,208
771,6
351,108
868,404
377,295
233,105
841,140
802,655
498,506
643,861
201,5
298,813
884,51
34,1000
526,103
185,404
434,550
634,635
549,1
364,664
754,815
123,172
41,928
748,405
179,964
200,908
270,653
488,941
480,211
939,539
731,52
357,21
62,115
494,484
55,513
69,634
443,165
634,379
615,252
576,920
76,413
215,296
234,243
747,710
105,366
233,362
826,58
203,170
60,378
329,357
607,174
747,663
45,933
264,7
544,129
237,237
121,748
658,489
306,181
215,118
537,178
7,374
267,751
483,1003
59,537
155,157
971,174
186,99
735,143
711,535
820,166
424,282
481,746
537,788
271,371
826,447
509,972
62,68
17,496
126,131
644,275
63,556
721,278
34,32
589,105
436,896
231,812
211,402
14,141
277,808
615,793
169,21
430,411
197,827
2,281
242,733
482,610
184,362
859,812
11,527
59,54
395,201
256,495
650,156
106,21
549,390
129,105
649,647
499,546
17,180
375,124
107,726
230,283
912,72
157,834
918,209
96,48
417,485
493,292
400,173
390,734
233,234
64,93
124,472
79,128
618,404
253,31
646,940
870,207
968,351
123,169
960,765
83,154
436,615
959,117
21,20
685,402
4,107
142,183
414,697
2,665
139,933
504,569
463,482
329,671
631,627
865,471
536,166
243,375
96,329
214,352
843,539
861,604
838,28
211,560
497,310
796,32
479,525
349,990
92,433
153,49
859,711
21,405
62,189
810,134
223,459
459,223
423,429
13,327
60,283
160,115
975,88
493,730
81,105
84,442
872,946
259,455
445,188
160,552
679,13
11,496
548,607
86,79
590,13
116,417
400,64
325,51
211,106
420,381
602,238
793,267
493,47
923,68
542,925
142,77
770,398
615,147
377,376
414,497
245,904
935,344
868,215
443,85
17,85
282,41
139,819
216,603
166,506
32,536
727,279
989,830
732,803
394,381
358,263
903,138
748,639
108,290
796,858
128,27
538,857
888,274
520,898
449,231
160,471
158,288
261,354
646,248
667,91
380,562
615,714
498,74
638,45
141,72
221,560
533,27
258,478
27,588
754,466
519,49
872,565
334,370
533,116
249,489
340,107
422,17
848,946
106,828
444,228
973,672
932,597
590,438
17,532
990,804
254,290
507,470
490,434
566,743
193,59
730,211
632,669
491,699
434,257
919,786
654,121
373,166
723,546
266,12
353,185
498,11
46,45
355,16
427,927
177,250
665,58
142,145
820,970
272,237
820,464
257,113
329,405
59,137
518,351
329,340
448,335
172,426
27,545
450,232
804,956
494,746
810,269
711,399
295,321
924,273
89,706
408,281
356,62
83,81
708,965
325,327
86,67
170,5
893,430
129,430
107,665
651,603
405,121
890,715
481,96
98,116
532,256
146,189
275,571
971,570
480,307
969,848
440,499
220,135
93,337
612,803
271,416
544,297
869,376
213,533
256,154
38,40
720,737
742,770
72,770
245,326
383,646
93,674
842,893
82,404
850,816
128,79
107,226
230,62
725,284
232,575
435,440
594,291
248,776
160,388
564,185
431,71
951,141
471,853
427,252
19,249
81,225
546,58
316,0
845,752
279,490
399,243
438,54
806,257
686,531
160,233
761,887
151,512
591,722
82,366
252,411
60,582
280,922
141,529
429,269
448,334
33,31
103,582
466,213
19,584
83,642
307,114
78,153
507,513
880,6
457,118
277,231
8,243
334,566
100,121
21,366
581,0
206,168
106,230
750,943
702,649
411,717
160,236
86,141
32,626
655,16
395,390
171,21
211,464
45,46
331,340
285,552
464,337
643,50
143,972
330,133
400,160
695,249
356,81
53,559
938,859
498,411
670,426
988,15
249,145
483,52
313,817
57,866
194,859
72,248
118,409
610,459
439,954
379,381
592,944
743,218
809,55
234,544
70,334
380,743
989,22
643,18
83,393
208,673
390,394
815,174
49,297
912,644
215,21
160,149
280,251
338,992
820,82
744,316
817,783
984,291
378,143
878,94
408,571
566,99
971,304
683,78
608,30
160,69
22,632
728,844
377,228
388,283
20,642
337,396
165,93
598,553
61,232
506,856
109,56
182,18
344,262
875,729
103,283
403,526
500,710
685,57
7,360
681,342
791,967
155,19
85,789
932,495
896,199
139,124
968,230
774,798
178,498
973,273
255,365
141,51
128,202
128,309
921,208
525,500
644,210
1001,193
957,12
458,290
473,624
191,682
912,356
795,302
552,285
220,82
58,271
73,485
576,972
218,431
88,288
447,579
233,209
9,765
407,141
579,164
14,226
30,36
368,849
102,412
105,509
58,880
349,45
988,959
831,426
603,297
706,836
283,81
510,75
367,31
337,539
234,734
552,293
160,496
707,69
132,854
696,946
106,255
812,193
621,518
327,16
221,18
380,783
181,993
428,716
287,801
480,508
497,526
408,158
42,147
899,288
401,973
179,203
351,969
275,590
172,142
950,326
299,184
896,505
847,47
323,662
431,254
404,431
132,158
445,29
143,209
19,674
712,172
169,684
3,3
199,752
369,380
180,349
141,186
669,16
267,970
249,602
833,579
468,334
174,424
999,116
647,21
2,96
690,189
270,28
40,964
644,526
533,28
370,41
717,29
340,259
37,98
875,217
301,857
359,213
10,143
432,569
625,216
82,161
852,694
133,18
74,260
308,589
44,649
159,356
180,277
424,641
730,644
105,412
137,62
60,31
498,459
231,277
35,30
86,366
166,314
947,108
620,114
709,100
710,793
29,497
218,222
357,656
295,950
838,124
167,68
408,208
451,515
252,481
99,94
409,457
730,879
419,280
77,206
4,55
43,43
58,83
517,767
282,115
563,86
79,482
446,429
86,84
642,36
473,275
485,317
252,283
920,894
349,977
990,773
230,752
194,586
211,661
635,281
82,211
181,133
702,596
72,3
368,112
699,332
607,296
230,962
762,844
160,132
166,156
74,225
468,142
735,766
114,290
430,688
12,420
901,206
53,403
564,261
860,978
412,481
379,5
678,661
540,509
430,532
175,949
699,104
82,541
252,626
713,472
56,56
879,689
987,494
6,327
114,531
254,174
466,343
214,98
5,511
40,800
529,308
450,329
495,365
465,531
608,775
377,172
824,841
21,253
993,961
434,212
6,408
964,428
859,383
518,133
627,515
300,46
900,765
812,639
86,424
319,904
520,571
751,18
898,276
301,650
132,16
930,992
602,196
411,646
604,549
284,232
681,473
113,950
745,74
424,311
619,178
434,407
449,132
310,581
128,557
6,89
58,57
524,405
349,320
287,821
370,38
933,139
706,348
509,678
231,284
44,555
74,176
271,281
999,145
415,86
294,233
419,256
114,577
681,305
21,708
12,217
282,411
223,282
225,18
213,441
370,574
337,232
933,335
874,52
489,884
203,805
11,669
328,844
153,89
493,280
475,297
586,122
789,220
8,733
568,426
301,321
932,3
49,205
50,430
458,789
569,501
296,397
64,926
731,462
47,468
163,445
156,342
456,408
5,306
560,1002
521,749
947,574
178,575
641,709
417,318
999,202
374,481
810,786
381,180
425,350
3,874
392,512
675,771
804,30
469,211
72,330
88,194
82,86
343,647
143,524
971,699
434,19
525,755
964,743
776,164
526,577
665,528
424,308
169,329
426,621
685,209
519,228
28,183
744,557
368,739
291,530
306,550
511,262
196,200
501,758
5,336
178,275
509,338
646,830
67,147
32,24
570,732
174,284
748,958
116,47
455,976
625,603
341,945
61,396
336,671
731,516
141,107
72,890
527,788
807,792
933,326
859,541
244,243
431,925
466,696
44,430
484,902
13,949
6,181
248,297
334,592
762,693
725,120
342,593
363,384
141,81
429,911
211,15
862,246
184,396
60,397
26,451
826,408
380,200
472,56
86,98
967,397
108,420
87,128
6,66
360,774
444,960
44,211
371,46
184,64
231,377
62,86
357,76
424,69
974,236
633,177
523,649
153,784
108,54
102,516
447,447
231,645
198,41
107,209
399,400
85,778
185,939
464,377
434,106
392,103
896,112
68,580
1001,609
464,733
160,717
282,366
340,554
846,284
216,509
367,866
462,212
454,814
641,949
192,4
494,68
323,125
20,322
127,1
166,588
300,118
253,121
142,756
990,92
460,615
852,852
173,932
870,536
869,325
24,953
233,88
82,52
558,551
340,573
576,287
283,106
187,442
913,540
182,458
840,561
556,467
692,716
129,283
440,61
494,666
859,281
249,569
141,510
51,436
672,304
126,6
50,217
168,414
429,216
384,138
560,229
501,553
762,417
638,403
747,82
604,919
44,699
254,282
695,85
827,279
827,544
292,486
82,170
250,174
6,667
187,949
577,874
221,864
796,459
411,243
839,968
282,105
280,219
60,231
890,372
428,335
42,750
210,365
295,377
92,20
53,389
422,472
430,65
914,105
860,165
682,429
290,708
332,707
192,2
780,107
859,809
107,568
19,141
562,425
156,7
321,465
606,128
213,385
102,3
113,983
329,13
950,121
218,696
167,531
281,80
387,693
146,327
546,623
767,800
505,476
638,44
221,249
170,151
169,62
483,157
335,817
703,831
243,790
249,46
55,481
463,54
114,547
82,290
209,319
452,563
636,535
212,408
659,952
237,251
526,787
836,776
211,56
870,339
307,295
917,215
533,638
1001,445
542,543
381,548
249,129
455,368
438,562
981,481
47,172
473,296
554,419
870,421
49,803
248,459
28,39
706,523
464,727
86,518
294,418
358,43
428,684
973,414
117,755
354,323
560,221
843,384
873,536
464,129
140,322
872,619
205,664
375,494
207,253
409,357
954,905
409,338
601,899
735,590
392,392
591,409
389,341
264,498
183,338
142,579
800,124
917,851
379,688
525,44
366,356
473,362
953,541
257,318
21,62
552,112
254,46
179,968
387,599
564,638
303,363
13,902
924,704
242,805
538,660
768,98
70,288
351,5
657,235
238,289
220,635
65,752
494,290
859,416
337,301
989,83
190,160
696,17
408,520
947,60
560,361
253,267
116,288
227,555
199,364
738,644
386,920
433,433
636,85
128,200
107,28
919,767
683,987
226,879
302,101
53,103
353,54
763,964
255,284
468,796
751,570
349,574
156,85
36,470
890,890
21,115
603,955
937,619
640,935
498,73
173,651
443,116
105,281
252,369
59,864
368,377
270,500
2,57
456,458
600,349
94,891
368,91
129,183
340,263
768,838
124,271
622,366
461,45
289,339
1,103
630,711
283,255
926,763
312,420
120,179
268,524
649,649
336,229
136,27
778,42
809,307
86,340
531,365
995,483
535,416
811,514
908,204
709,853
290,87
339,116
174,211
995,911
988,689
214,700
457,86
445,848
141,142
855,688
39,45
63,244
135,771
206,346
130,208
595,28
209,494
249,278
479,921
431,699
156,677
283,263
282,290
681,157
742,520
520,21
800,963
155,236
86,620
318,579
190,515
34,588
141,957
170,135
459,565
296,275
62,216
477,477
489,210
160,721
576,83
959,9
472,1003
797,797
26,415
283,28
529,206
234,587
63,174
702,410
320,659
110,177
161,129
967,154
450,342
957,380
975,378
763,366
635,238
523,604
232,383
160,389
271,552
181,60
751,375
28,34
529,158
526,647
573,441
434,81
982,1001
97,354
58,115
10,646
477,90
981,20
322,428
11,662
195,516
425,200
547,523
206,426
391,391
407,408
703,674
95,143
7,720
581,740
895,309
235,210
359,33
154,173
373,483
792,771
282,212
498,421
841,457
285,105
668,519
63,854
86,203
286,353
360,388
339,351
560,152
245,338
621,301
5,516
420,78
40,919
288,28
139,501
943,554
4,809
763,763
168,611
813,623
193,995
934,483
229,858
368,392
288,356
13,156
206,562
48,333
896,329
904,648
938,960
4,114
557,422
129,42
282,218
301,294
855,343
329,355
882,47
492,590
305,131
424,44
439,611
342,797
280,53
169,133
721,387
133,171
911,699
803,767
3,473
872,335
58,360
399,457
160,187
357,474
839,675
36,25
116,548
424,393
111,408
464,180
275,413
778,936
167,483
64,349
160,880
452,501
764,722
228,772
542,711
106,490
483,745
842,762
256,562
560,856
148,148
514,553
106,107
163,42
168,221
430,499
409,448
177,546
33,412
295,628
41,87
576,719
80,18
74,105
256,62
948,584
86,485
463,340
719,25
296,668
11,972
305,56
404,16
81,161
468,43
218,220
316,6
280,440
357,81
187,653
99,193
1002,534
292,856
320,182
124,590
916,234
222,554
517,869
434,62
129,486
285,155
229,28
20,74
843,290
376,627
157,191
701,225
282,234
518,996
548,381
457,440
4,62
350,351
64,80
288,431
160,351
138,285
128,15
170,13
178,389
264,500
648,580
165,797
901,236
411,24
100,353
488,17
281,949
377,60
709,933
295,162
975,515
260,508
726,605
31,42
548,52
160,281
122,841
133,142
909,39
160,19
113,847
373,112
431,638
162,321
3,82
420,450
526,290
960,622
350,107
697,708
808,423
718,101
994,710
129,346
424,429
37,31
92,629
506,279
415,183
399,93
291,937
6,193
742,120
895,994
71,217
615,144
665,561
310,471
178,648
610,431
708,353
3,527
533,46
243,896
57,619
388,653
4,698
137,121
258,91
971,488
231,426
821,772
270,280
579,464
54,285
252,89
209,244
633,989
306,509
248,273
1003,852
475,9
128,132
390,104
859,991
128,365
128,290
287,189
680,544
56,57
592,322
93,136
149,6
93,789
66,38
365,238
527,354
53,57
86,218
155,153
255,774
855,471
494,458
652,482
142,84
265,810
393,422
29,23
107,809
564,340
661,8
312,17
457,872
532,937
698,55
440,307
44,434
473,163
327,86
827,826
712,562
172,87
856,264
2,408
969,707
262,538
983,575
552,511
406,454
55,107
797,332
584,852
16,281
411,286
633,556
60,388
495,330
191,404
472,691
18,696
755,886
908,908
988,154
208,522
954,266
261,455
114,114
709,945
264,264
543,280
487,213
579,660
101,768
173,405
32,251
434,30
194,803
657,575
186,474
715,21
338,318
114,617
226,225
81,363
458,644
366,758
482,942
677,415
806,446
18,376
306,141
82,145
60,512
595,97
485,170
166,448
68,420
819,27
436,582
685,175
749,766
105,83
521,598
87,255
544,813
166,114
5,512
399,629
654,546
100,356
366,253
409,151
765,23
452,264
554,636
209,518
507,174
573,9
963,963
641,106
508,172
658,685
37,338
74,177
235,234
98,676
245,981
324,44
495,959
422,559
96,517
851,656
82,51
932,258
867,249
311,168
222,225
329,243
877,302
256,283
24,974
752,111
82,747
150,501
21,520
861,46
832,408
427,333
195,859
566,56
24,36
331,998
42,493
356,16
309,17
640,354
430,421
98,124
234,14
306,317
212,106
940,137
409,10
938,67
229,1003
280,283
448,15
356,828
83,143
191,379
17,166
170,280
291,257
175,174
358,392
131,558
73,116
81,215
801,817
180,681
96,58
211,212
335,447
86,166
345,61
57,893
494,281
237,73
519,259
907,137
895,62
303,68
502,358
34,24
74,248
54,56
566,412
583,679
590,348
658,627
305,84
314,228
655,255
920,33
450,86
89,450
806,740
728,351
840,168
320,296
293,251
142,474
814,507
397,572
179,23
455,171
166,12
950,166
37,151
58,698
914,582
409,303
864,209
759,165
668,879
435,401
113,494
77,497
264,440
232,294
326,964
249,121
881,621
116,263
160,195
376,368
434,793
61,421
106,188
402,181
509,400
483,165
917,445
799,823
935,336
600,509
82,401
45,142
537,551
744,561
457,385
492,254
153,283
179,448
601,278
79,678
429,933
190,86
74,64
958,781
155,495
222,839
568,1
172,464
469,96
480,217
89,806
404,372
513,153
290,772
451,569
523,726
263,116
427,546
240,241
820,493
597,630
46,970
133,420
837,736
357,346
434,548
186,378
313,107
233,487
147,325
376,905
8,823
172,130
58,162
65,430
757,757
495,468
407,504
94,320
63,845
738,993
353,842
128,121
155,395
304,117
21,306
146,67
291,725
176,292
167,275
84,86
412,192
166,221
944,666
960,479
152,66
183,245
504,246
56,291
720,266
557,51
381,61
30,26
549,173
680,391
426,426
21,5
331,550
688,552
306,449
944,781
259,127
21,287
859,58
364,526
802,256
553,28
80,473
513,365
333,28
524,422
81,63
108,942
285,812
409,108
356,856
824,303
525,73
895,666
211,405
234,70
409,346
201,395
163,86
868,1000
209,571
21,314
81,497
761,501
422,30
952,56
984,829
104,406
505,557
64,223
35,39
675,612
545,243
937,670
631,19
253,405
320,368
180,39
506,430
89,830
469,26
22,636
132,243
890,600
733,195
533,262
651,254
784,497
476,834
72,520
699,228
329,290
183,544
620,912
980,794
846,870
283,283
513,116
377,403
358,141
15,335
883,337
538,723
252,194
51,93
573,726
376,104
287,523
211,137
121,147
108,276
535,340
525,256
880,442
20,459
84,318
695,742
754,565
79,506
176,717
533,187
322,447
146,559
651,918
832,58
665,769
180,97
581,51
21,820
671,387
504,544
234,474
773,520
53,18
554,521
239,319
653,653
320,391
169,812
167,452
1000,811
81,494
417,110
283,115
264,213
739,45
191,83
123,504
359,754
523,421
404,371
739,993
333,21
405,3
194,865
843,64
991,892
214,377
41,51
186,661
41,546
446,579
57,753
121,540
63,184
909,225
340,166
298,590
618,554
271,448
438,341
74,18
366,134
179,122
193,9
446,301
384,542
473,108
400,69
210,128
301,151
926,184
17,23
213,230
474,750
198,197
614,742
976,336
826,417
478,169
390,393
955,457
108,652
310,671
157,808
373,411
648,713
211,604
803,993
111,150
721,35
106,298
186,631
105,580
763,365
699,18
242,774
589,283
676,923
533,323
166,536
420,293
642,148
209,209
29,169
910,327
604,856
674,361
95,529
994,927
582,549
286,848
182,381
397,821
221,420
252,141
497,330
473,329
88,252
205,732
46,674
426,207
5,169
120,0
813,209
642,913
249,107
927,891
68,329
166,351
82,82
211,174
24,119
121,118
377,458
210,210
140,1000
19,183
871,653
448,322
749,52
162,468
409,326
355,107
369,354
189,225
229,986
470,86
14,837
239,180
34,843
121,752
546,355
147,533
78,962
893,845
595,510
422,956
147,42
185,138
99,729
101,908
686,459
411,469
216,866
325,945
63,131
930,208
730,348
699,845
247,700
889,252
899,774
160,504
354,958
118,233
631,42
434,401
653,531
949,131
242,972
987,171
44,155
326,155
207,820
864,362
122,411
610,303
160,405
311,331
275,177
47,76
556,531
168,515
604,553
549,549
545,462
5,252
335,139
710,564
806,674
685,628
46,495
197,374
170,38
627,794
65,257
887,800
880,58
450,95
957,599
777,910
602,51
454,52
375,243
40,34
232,872
160,501
949,252
256,296
889,123
807,285
679,793
153,160
193,385
624,564
374,504
821,532
862,974
794,196
305,194
140,997
750,77
60,321
257,149
174,126
293,210
382,685
249,548
409,810
615,315
221,52
12,666
161,167
932,269
733,889
274,928
632,345
543,119
903,564
940,333
994,96
859,174
774,779
346,160
688,724
525,240
474,546
533,213
7,402
488,884
200,538
619,779
417,116
869,397
730,464
452,487
5,506
750,741
336,702
971,391
80,114
859,990
406,564
89,552
60,396
341,311
607,328
594,765
320,104
733,957
390,377
84,433
344,152
911,280
190,473
166,434
389,552
915,801
875,453
529,332
46,365
503,432
165,547
796,501
420,453
214,124
383,508
600,127
180,493
254,420
42,188
472,925
330,377
111,727
727,218
328,739
802,986
959,607
549,184
170,419
551,733
533,480
195,3
403,398
244,955
486,809
658,805
974,67
844,84
427,427
172,346
438,791
84,174
222,481
59,57
283,162
160,143
233,474
251,26
35,768
230,763
971,385
566,8
226,443
771,228
468,260
170,541
362,16
106,62
161,702
271,971
332,487
330,159
308,462
77,63
103,16
468,758
666,951
963,86
377,177
261,30
778,518
738,208
493,515
802,980
375,89
494,962
41,115
946,487
924,556
738,63
513,21
190,537
507,243
892,648
368,393
211,3
326,723
298,701
129,113
64,733
411,408
397,381
89,78
587,354
51,557
24,997
371,114
65,280
569,234
142,31
754,368
75,561
13,840
406,761
323,300
955,639
188,679
214,258
694,106
556,766
55,919
211,363
793,17
484,429
186,139
436,859
362,141
416,435
337,810
294,526
217,337
472,176
922,205
102,102
829,528
330,511
334,334
84,13
690,400
688,318
439,812
84,598
764,215
252,6
759,344
277,147
333,160
61,61
361,25
641,48
703,742
547,520
7,749
707,881
73,84
151,86
201,249
3,252
820,412
160,416
801,6
510,343
653,847
35,82
232,121
79,77
272,310
131,932
114,686
124,111
140,948
172,284
688,35
816,987
734,273
455,577
927,234
194,459
272,186
976,1
770,229
940,114
232,232
637,386
255,255
737,117
107,201
14,515
325,836
160,318
331,19
240,211
182,376
712,720
23,33
127,519
638,340
661,625
132,5
333,87
560,211
495,419
263,168
389,886
474,108
64,113
183,187
1001,803
165,482
229,165
269,160
937,152
584,605
242,865
290,620
335,704
96,76
191,153
768,74
367,361
787,578
828,181
577,283
301,285
765,44
88,149
941,599
477,275
363,81
747,339
384,429
494,306
27,361
450,214
604,959
980,757
13,333
62,183
139,589
653,45
386,507
223,562
212,68
707,3
72,369
138,739
417,16
670,632
59,971
157,6
21,777
51,79
329,495
685,247
866,912
493,611
96,503
406,358
30,23
271,400
285,211
409,504
160,18
170,133
380,211
747,107
400,302
869,967
999,782
663,780
482,852
996,313
84,478
434,361
143,143
385,387
101,808
397,719
21,282
107,606
296,420
17,146
358,700
346,511
518,434
93,576
290,357
303,89
333,17
492,950
121,594
83,62
607,106
310,733
238,457
374,791
664,664
202,210
879,722
74,950
916,296
786,786
161,555
271,470
8,593
857,649
548,497
993,951
247,757
208,727
848,624
329,356
145,17
482,340
101,323
217,404
285,990
806,128
669,117
522,631
564,30
963,236
738,999
170,220
287,81
629,173
583,101
61,389
443,847
355,114
932,544
419,270
560,316
132,738
742,614
232,226
65,973
907,710
6,429
93,86
238,57
207,895
153,424
305,132
976,312
420,244
828,896
301,13
307,347
597,857
359,540
65,133
611,220
285,533
826,145
45,799
455,48
176,799
431,106
383,307
144,918
82,143
107,128
734,341
67,160
956,207
462,308
161,121
596,908
371,956
733,335
860,336
420,188
650,866
500,707
367,160
549,253
303,433
179,149
813,639
727,896
310,445
700,661
981,255
519,743
733,403
359,9
5,255
742,742
943,32
105,80
494,24
607,490
293,469
194,106
269,5
57,712
690,366
63,100
619,395
433,116
433,84
404,86
369,627
396,267
855,989
506,44
182,368
478,514
958,972
751,456
0,178
411,937
502,44
402,515
274,793
521,340
680,100
845,303
96,57
903,523
171,957
233,530
86,171
684,59
115,531
141,506
21,537
628,390
62,184
792,845
306,107
119,540
121,261
860,676
342,660
494,90
462,462
437,827
612,666
533,326
373,323
571,250
153,86
294,266
763,41
183,211
973,913
606,728
117,400
525,813
105,269
305,520
296,8
355,365
341,854
526,493
223,166
115,136
50,515
860,432
129,789
682,817
322,448
86,114
506,64
176,611
508,68
548,64
893,311
556,483
109,366
233,159
851,605
414,588
280,199
192,807
5,318
223,138
285,532
222,415
24,440
508,411
641,67
560,644
182,167
210,114
401,791
846,654
141,498
570,55
496,498
417,826
690,86
340,811
876,619
967,630
599,708
47,417
58,183
121,31
789,449
493,105
121,425
162,949
328,66
375,182
392,472
394,389
84,404
674,387
538,497
27,197
435,920
168,346
23,953
669,528
13,303
249,180
349,582
259,593
124,10
278,284
96,534
4,142
321,697
249,18
432,789
45,271
165,951
477,152
391,155
33,375
569,421
417,62
806,965
454,240
560,42
383,965
409,171
615,591
184,5
200,918
687,695
869,500
107,438
540,799
754,360
811,194
260,188
420,230
389,651
685,946
877,134
868,650
7,154
485,256
210,426
620,357
957,707
300,638
173,282
27,83
971,400
932,820
174,12
715,674
154,309
659,82
107,174
520,688
508,184
884,72
731,548
621,772
81,667
491,300
77,574
916,235
